name;name_ascii;abbr;city;state;country;latitude;longitude
universidade lusófona de humanidades e tecnologias;universidade lusofona de humanidades e tecnologias;;lisbon;lisbon;portugal;38.71667;-9.13333
faculdade de ciências da universidade de lisboa;faculdade de ciencias da universidade de lisboa;;lisbon;lisbon;portugal;38.71667;-9.13333
instituto superior técnico;instituto superior tecnico;;lisbon;lisbon;portugal;38.71667;-9.13333
universidade de salamanca;universidade de salamanca;;salamanca;madrid;spain;40.42972;-3.67975
instituto federal de são paulo;instituto federal de sao paulo;ifsp;sao paulo;sao paulo;brasil;-23.548;-46.636
fundação educacional de bauru;fundacao educacional de bauru;;bauru;sao paulo;brasil;-22.315;-49.061
escola técnica federal de são paulo;escola tecnica federal de sao paulo;ifsp;sao paulo;sao paulo;brasil;-23.548;-46.636
escola paulista de medicina;escola paulista de medicina;;sao paulo;sao paulo;brasil;-23.548;-46.636
associação médica brasileira;associacao medica brasileira;amb;sao paulo;sao paulo;brasil;-23.548;-46.636
escola de engenharia de são carlos;escola de engenharia de sao carlos;eesc;sao paulo;sao paulo;brasil;-23.548;-46.636
instituto de assistência médica ao servidor público estadual;instituto de assistencia medica ao servidor publico estadual;iamspe;sao paulo;sao paulo;brasil;-23.548;-46.636
hospital heliópolis - unidade de gestão assistencial 1;hospital heliopolis unidade de gestao assistencial 1;;sao paulo;sao paulo;brasil;-23.548;-46.636
associação paulista de cirurgiões dentistas;associacao paulista de cirurgioes dentistas;apcd;sao paulo;sao paulo;brasil;-23.548;-46.636
universidade são francisco - itatiba;universidade sao francisco itatiba;usf;itatiba;sao paulo;brasil;-23.006;-46.839
faculdade de filosofia ciências e letras de catanduva;faculdade de filosofia ciencias e letras de catanduva;;catanduva;sao paulo;brasil;-21.138;-48.973
escola de engenharia mauá;escola de engenharia maua;;sao caetano do sul;sao paulo;brasil;-23.623;-46.551
