"id";"name_pt";"name_en";"code";"name_ascii_pt"
20;"bahamas";"bahamas";"BHS";"bahamas"
159;"maurícia";"mauritius";"MAU";"mauricio"
62;"egito";"egypt";"EGI";"egito"
15;"arménia";"armenia";"ARM";"armenia"
111;"ilhas cook";"cook islands";"COK";"ilhas cook"
6;"samoa americana";"american samoa";"ASM";"samoa americana"
19;"azerbaijão";"azerbaijan";"AZE";"azerbaijao"
22;"barbados";"barbados";"BRB";"barbados"
26;"belize";"belize";"BLZ";"belize"
39;"cabo verde";"cape verde";"CBV";"cabo verde"
23;"barém";"bahrain";"BAR";"barem"
33;"brasil";"brazil";"BRA";"brasil"
37;"burundi";"burundi";"BUR";"burundi"
25;"bélgica";"belgium";"BEL";"belgica"
40;"camarões";"cameroon";"CAM";"camaroes"
30;"bolívia";"bolivia";"BOL";"bolivia"
38;"butão";"bhutan";"BUT";"butao"
32;"botsuana";"botswana";"BOT";"botsuana"
35;"bulgária";"bulgaria";"BUL";"bulgaria"
41;"camboja";"cambodia";"CBJ";"camboja"
42;"canadá";"canada";"CAN";"canada"
43;"catar";"qatar";"CAT";"catar"
44;"cazaquistão";"kazakhstan";"CAZ";"cazaquistao"
46;"chade";"chad";"CHA";"chade"
47;"chile";"chile";"CHL";"chile"
48;"china";"china";"CHN";"china"
49;"chipre";"cyprus";"CHP";"chipre"
50;"colômbia";"colombia";"COL";"colombia"
52;"congo";"congo";"CON";"congo"
51;"comores";"comoros";"COM";"comores"
57;"costa rica";"costa rica";"CRC";"costa rica"
58;"croácia";"croatia";"CRO";"croacia"
59;"cuba";"cuba";"CUB";"cuba"
60;"dinamarca";"denmark";"DIN";"dinamarca"
64;"equador";"ecuador";"EQU";"equador"
65;"eritreia";"eritrea";"ERT";"eritreia"
66;"eslováquia";"slovakia";"SVK";"eslovaquia"
73;"fiji";"fiji";"FJI";"fiji"
68;"espanha";"spain";"ESP";"espanha"
70;"estónia";"estonia";"EST";"estonia"
71;"etiópia";"ethiopia";"ETP";"etiopia"
74;"filipinas";"philippines";"FIL";"filipinas"
75;"finlândia";"finland";"FIN";"finlandia"
76;"frança";"france";"FRA";"franca"
77;"gabão";"gabon";"GAB";"gabao"
79;"gana";"ghana";"GAN";"gana"
78;"gâmbia";"gambia";"GAM";"gambia"
80;"geórgia";"georgia";"GEO";"georgia"
83;"grécia";"greece";"GRE";"grecia"
81;"gibraltar";"gibraltar";"GIB";"gibraltar"
87;"guatemala";"guatemala";"GUA";"guatemala"
89;"guiana";"guyana";"GUI";"guiana"
86;"guam";"guam";"GUM";"guam"
90;"guiana francesa";"french guiana";"GFR";"guiana francesa"
91;"guiné";"guinea";"GNE";"guine"
94;"haiti";"haiti";"HTI";"haiti"
95;"honduras";"honduras";"HON";"honduras"
97;"hungria";"hungary";"HUN";"hungria"
98;"iémen";"yemen";"IEM";"iemen"
109;"ilhas caiman";"cayman islands";"CYM";"ilhas caiman"
114;"ilhas feroe";"faroe islands";"IFA";"ilhas feroe"
117;"ilhas marshall";"marshall islands";"IMH";"ilhas marshall"
120;"ilhas salomão";"solomon islands";"SLB";"ilhas salomao"
61;"dominica";"dominica";"DON";"dominica"
122;"ilhas virgens americanas";"united states virgin islands";"IVA";"ilhas virgens americanas"
123;"ilhas virgens britânicas";"british virgin islands";"VGB";"ilhas virgens britanicas"
100;"ilha christmas";"christmas island";"CXR";"ilha christmas"
124;"índia";"india";"IND";"india"
125;"indonésia";"indonesia";"IDN";"indonesia"
127;"iraque";"iraq";"IRQ";"iraque"
128;"irlanda";"ireland";"IRL";"irlanda"
130;"israel";"israel";"ISR";"israel"
131;"itália";"italy";"ITA";"italia"
134;"japão";"japan";"JAP";"japao"
137;"jordânia";"jordan";"JOR";"jordania"
138;"kiribati";"kiribati";"KIR";"kiribati"
139;"kuwait";"kuwait";"KWT";"kuwait"
4;"albânia";"albania";"ALB";"albania"
144;"libéria";"liberia";"LBR";"liberia"
143;"líbano";"lebanon";"LBN";"libano"
146;"listenstaine";"liechtenstein";"LIE";"listenstaine"
147;"lituânia";"lithuania";"LIT";"lituania"
148;"luxemburgo";"luxembourg";"LUX";"luxemburgo"
149;"macau";"macao";"MAC";"macau"
150;"macedônia";"macedonia";"MCD";"macedonia"
153;"malavi";"malawi";"MLV";"malavi"
154;"maldivas";"maldives";"MDV";"maldivas"
155;"mali";"mali";"MLI";"mali"
156;"malta";"malta";"MLT";"malta"
157;"marrocos";"morocco";"MAR";"marrocos"
158;"martinica";"martinique";"MRT";"martinica"
162;"méxico";"mexico";"MEX";"mexico"
201;"rússia";"russia";"RSS";"russia"
163;"mianmar";"myanmar burma";"MMR";"mianmar"
216;"sérvia";"serbia";"RS";"servia"
166;"moldávia";"moldova";"MOL";"moldavia"
167;"mónaco";"monaco";"MON";"monaco"
168;"mongólia";"mongolia";"MGL";"mongolia"
170;"montserrat";"montserrat";"MSR";"montserrat"
171;"namíbia";"namibia";"NAM";"namibia"
172;"nauru";"nauru";"NRU";"nauru"
175;"níger";"niger";"NIG";"niger"
173;"nepal";"nepal";"NPL";"nepal"
177;"niue";"niue";"NIU";"niue"
178;"noruega";"norway";"NOR";"noruega"
13;"argélia";"algeria";"ARL";"argelia"
12;"arábia saudita";"saudi arabia";"ARA";"arabia saudita"
17;"austrália";"australia";"AUS";"australia"
8;"angola";"angola";"ANG";"angola"
5;"alemanha";"germany";"RFA";"alemanha"
18;"austria";"austria";"AUT";"austria"
7;"andorra";"andorra";"AND";"andorra"
21;"bangladesh";"bangladesh";"BGD";"bangladeche"
292;"belarus";"belarus";"BEA";"belarus"
233;"timor leste";"east timor";"TMP";"timor leste"
293;"bosnia";"bosnia and herzegovina";"BOS";"bosnia"
190;"polinésia francesa";"french polynesia";"PLF";"polinesia francesa"
191;"polónia";"poland";"POL";"polonia"
192;"porto rico";"puerto rico";"PTR";"porto rico"
194;"quénia";"kenya";"QUE";"quenia"
195;"quirguizistão";"kyrgyzstan";"QUI";"quirguizistao"
193;"portugal";"portugal";"POR";"portugal"
197;"república tcheca";"czech republic";"TCH";"republica tcheca"
199;"roménia";"romania";"ROM";"romenia"
200;"ruanda";"rwanda";"RUA";"ruanda"
202;"sahara occidental";"western sahara";"ESH";"sahara occidental"
54;"coréia do norte";"korea north";"CRN";"coreia do norte"
250;"zaire";"zaire";"ZAR";"zaire"
82;"granada";"grenada";"GRB";"granada"
205;"ilha santa helena";"saint helena";"SHN";"ilha santa helena"
204;"samoa ocidental";"samoa";"SAM";"samoa ocidental"
126;"irã";"iran";"IRA";"ira"
208;"são cristóvão e neves";"saint kitts and nevis";"KNA";"sao cristovao e neves"
209;"são marino";"san marino";"SMR";"sao marino"
210;"são pedro e miquelão";"saint pierre and miquelon";"SPM";"sao pedro e miquelao"
213;"seicheles";"seychelles";"SYC";"seicheles"
214;"senegal";"senegal";"SEN";"senegal"
203;"el salvador";"el salvador";"ELS";"el salvador"
215;"serra leoa";"sierra leone";"SRL";"serra leoa"
218;"síria";"syria";"SIR";"siria"
219;"somália";"somalia";"SOM";"somalia"
220;"sri lanca";"sri lanka";"SRI";"sri lanca"
221;"suazilândia";"swaziland";"SUA";"suazilandia"
222;"sudão";"sudan";"SUD";"sudao"
223;"suécia";"sweden";"SUE";"suecia"
224;"suíça";"switzerland";"SUI";"suica"
229;"tajiquistão";"tajikistan";"TAD";"tajiquistao"
225;"suriname";"suriname";"SUR";"suriname"
165;"moçambique";"mozambique";"MBQ";"mocambique"
230;"tanzânia";"tanzania";"TAN";"tanzania"
234;"togo";"togo";"TGO";"togo"
235;"tokelau";"tokelau";"TKL";"tokelau"
236;"tonga";"tonga";"TON";"tonga"
238;"tunísia";"tunisia";"TUN";"tunisia"
240;"turquemenistão";"turkmenistan";"TUC";"turquemenistao"
241;"turquia";"turkey";"TUR";"turquia"
242;"tuvalu";"tuvalu";"TUV";"tuvalu"
243;"ucrânia";"ukraine";"UCR";"ucrania"
244;"uganda";"uganda";"UGA";"uganda"
252;"zimbabue";"zimbabwe";"ZIN";"zimbabue"
245;"uruguai";"uruguay";"URU";"uruguai"
246;"usbequistão";"uzbekistan";"UZB";"usbequistao"
249;"vietnã";"vietnam";"VTN";"vietna"
248;"venezuela";"venezuela";"VEN";"venezuela"
251;"zâmbia";"zambia";"ZAN";"zambia"
140;"laos";"laos";"LAO";"laos"
151;"madagáscar";"madagascar";"MAD";"madagascar"
3;"áfrica do sul";"south africa";"AFS";"africa do sul"
29;"bielo rússia";"belarus";"BEA";"bielo russia"
141;"lesoto";"lesotho";"LES";"lesoto"
63;"emirados árabes unidos";"united arab emirates";"EAU";"emirados arabes unidos"
92;"guiné equatorial";"equatorial guinea";"GNQ";"guine equatorial"
253;"vaticano";"vatican";"VAT";"vaticano"
96;"hong kong";"hong kong";"HKG";"hong kong"
174;"nicarágua";"nicaragua";"NIC";"nicaragua"
186;"papua nova guiné";"papua new guinea";"PNG";"papua nova guine"
260;"aruba";"aruba";"ABW";"aruba"
217;"cingapura";"singapore";"CIN";"cingapura"
267;"escócia";"scotland";"ESC";"escocia"
271;"holanda";"netherlands";"HOL";"holanda"
277;"ilhas midway";"midway island";"MID";"ilhas midway"
279;"ilhas nortfolk";"norfolk island";"NFK";"ilhas nortfolk"
290;"ilhas wake";"wake island";"WAK";"ilhas wake"
291;"ilhas wallis futuna";"wallis futuna island";"WLF";"ilhas wallis futuna"
261;"antartida";"antarctica";"ATC";"antartida"
262;"birmânia";"myanmar";"BIR";"birmania"
266;"dijibuti";"dijibuti";"DJI";"dijibuti"
278;"formosa";"formosa";"FOR";"formosa"
269;"gales";"wales";"GAL";"gales"
272;"iémen do sul";"south yemen";"IMS";"iemen do sul"
274;"irlanda do norte";"northern ireland";"IRN";"irlanda do norte"
275;"iugoslávia";"yugoslavia";"IUG";"iugoslavia"
281;"pafic island";"pafic island";"PCI";"pafic island"
282;"pitcairn";"pitcairn";"PCN";"pitcairn"
284;"reunião";"reunião";"REU";"reuniao"
255;"união soviética";"soviet union";"URS";"uniao sovietica"
273;"inglaterra";"united kingdom";"ING";"inglaterra"
254;"vanuatu";"vanuatu";"VUT";"vanuatu"
11;"antilhas holandesas";"netherlands antilles";"AHL";"antilhas holandesas"
180;"nova zelândia";"new zealand";"NZL";"nova zelandia"
27;"benim";"benin";"BEN";"benim"
34;"brunei darussalam";"brunei darussalam";"BRN";"brunei darussalam"
55;"coreia do sul";"korea south";"CRS";"coreia do sul"
84;"groelândia";"greenland";"GRL";"groelandia"
45;"república centro africana ";"central african republic";"RCA";"republica centro africana "
132;"jamaica";"jamaica";"JAM";"jamaica"
145;"líbia";"libyan arab jamahiriya";"LIB";"libia"
160;"mauritânia";"mauritania";"MTN";"mauritania"
187;"paquistão";"pakistan";"PAQ";"paquistao"
169;"montenegro";"montenegro";"MNE";"montenegro"
181;"omã";"oman";"OMA";"oma"
183;"palau";"palau";"PLU";"palau"
1;"afeganistão";"afghanistan";"AFG";"afeganistao"
185;"panamá";"panama";"PAN";"panama"
189;"peru";"peru";"PER";"peru"
188;"paraguai";"paraguay";"PRG";"paraguai"
206;"santa lúcia";"saint lucia";"LCA";"santa lucia"
211;"são tomé e príncipe";"sao tome and principe";"STP";"sao tome e principe"
227;"tailândia";"thailand";"TAI";"tailandia"
237;"trindade e tobago";"trinidad and tobago";"TRT";"trindade e tobago"
31;"bósnia e herzegovina";"bosnia and herzegovina";"BOS";"bosnia e herzegovina"
231;"território britânico do oceano índico";"british indian ocean territory";"IOT";"territorio britanico do oceano indico"
289;"ilhas turcas caicos";"turcas caicos island";"TCA";"ilhas turcas caicos"
69;"estados unidos";"united states";"EUA";"estados unidos"
179;"nova caledónia";"new caledonia";"NCL";"nova caledonia"
10;"antígua e barbuda";"antigua and barbuda";"ANB";"antigua e barbuda"
53;"república democrática do congo";"congo democratic republic";"COD";"republica democratica do congo"
294;"kuweit";"kuwait";"KWT";"kuweit"
295;"uzbekistan";"uzbekistan";"UZB";"uzbekistan"
296;"trinidad e tobago";"trinidad and tobago";"TRT";"trinidad e tobago"
297;"britsh indian ocean";"british indian ocean territory";"";"britsh indian ocean"
299;"timor";"east timor";"";"timor"
300;"iemem";"yemen";"";"iemem"
301;"quirgistao";"kyrgyzstan";"";"quirgistao"
302;"burkina fasso";"burkina faso";"";"burkina fasso"
110;"ilhas cocos (keeling)";"cocos (keeling) islands";"CCK";"ilhas cocos keeling"
113;"ilhas falklands (ilhas malvinas)";"falkland islands (islas malvinas)";"FLK";"ilhas falklands ilhas malvinas"
270;"grã-bretanha";"united kingdom";"GBR";"gra bretanha"
16;"jap?o";"japan";"";"jap?o"
14;"argentina";"argentina";"ARG";"argentina"
212;"são vicente e granadinas";"saint vincent and the grenadines";"VCT";"sao vicente e granadinas"
28;"bermudas";"bermuda";"BER";"bermudas"
36;"burquina faso";"burkina faso";"BKF";"burquina faso"
56;"costa do marfim";"ivory coast";"CMF";"costa do marfim"
67;"eslovénia";"slovenia";"SVN";"eslovenia"
85;"guadalupe";"guadeloupe";"GDL";"guadalupe"
93;"guiné bissau";"guinea-bissau";"GNB";"guine bissau"
129;"islândia";"iceland";"ISL";"islandia"
142;"letónia";"latvia";"LET";"letonia"
152;"malásia";"malaysia";"MAL";"malasia"
164;"micronésia";"micronesia";"FSM";"micronesia"
176;"nigéria";"nigeria";"NGA";"nigeria"
198;"república dominicana";"dominican republic";"DOM";"republica dominicana"
